{
    "default_units_ts":{
        "time_stamp":4534883082.083400,
        "version":0.500000
    },
    "defaultui":{
        "time_stamp":4534802151.353400,
        "version":0.500000
    },
    "lib_common_ai":{
        "time_stamp":1307598992.922600,
        "version":0.400000
    },
    "lib_control":{
        "time_stamp":4855586257.040400,
        "version":0.500000
    },
    "script":{
        "time_stamp":62045262.834700,
        "version":0.500000
    },
    "smallcard_choose_one":{
        "time_stamp":1833043325.459400,
        "version":0.400000
    },
    "smallcard_inventory":{
        "time_stamp":66929361.021200,
        "version":0.400000
    },
    "smallcard_mail":{
        "time_stamp":3319589439.543600,
        "version":0.400000
    },
    "smallcard_unit_attr_panel":{
        "time_stamp":1818056688.272700,
        "version":0.500000
    }
}