{
    "default_units_ts":{
        "time_stamp":5735791210.367900,
        "version":0.500000
    },
    "defaultui":{
        "time_stamp":5735704223.813800,
        "version":0.500000
    },
    "lib_common_ai":{
        "time_stamp":1307598992.922600,
        "version":0.400000
    },
    "lib_control":{
        "time_stamp":5734679993.290700,
        "version":0.500000
    },
    "script":{
        "time_stamp":999788650.713800,
        "version":0.500000
    },
    "smallcard_choose_one":{
        "time_stamp":5734933215.465600,
        "version":0.500000
    },
    "smallcard_inventory":{
        "time_stamp":5735125923.513800,
        "version":0.500000
    },
    "smallcard_mail":{
        "time_stamp":5735171312.346900,
        "version":0.500000
    },
    "smallcard_unit_attr_panel":{
        "time_stamp":1818056688.272700,
        "version":0.500000
    }
}