{
    "default_units_ts":{
        "time_stamp":5735791916.647500,
        "version":0.500000
    },
    "defaultui":{
        "time_stamp":5735704253.094300,
        "version":0.500000
    },
    "lib_common_ai":{
        "time_stamp":3905075796.738500,
        "version":0.400000
    },
    "lib_control":{
        "time_stamp":5734680164.088000,
        "version":0.500000
    },
    "script":{
        "time_stamp":999294522.739500,
        "version":0.500000
    },
    "smallcard_choose_one":{
        "time_stamp":5734933536.694500,
        "version":0.500000
    },
    "smallcard_inventory":{
        "time_stamp":5735125975.669100,
        "version":0.500000
    },
    "smallcard_mail":{
        "time_stamp":5735171349.053300,
        "version":0.500000
    },
    "smallcard_unit_attr_panel":{
        "time_stamp":1818056849.967900,
        "version":0.500000
    }
}