{
    "default_units_ts":{
        "time_stamp":4534883766.929500,
        "version":0.500000
    },
    "defaultui":{
        "time_stamp":4534802182.007300,
        "version":0.500000
    },
    "lib_common_ai":{
        "time_stamp":3905075796.738500,
        "version":0.400000
    },
    "lib_control":{
        "time_stamp":4855586297.471400,
        "version":0.500000
    },
    "script":{
        "time_stamp":63924029.456200,
        "version":0.500000
    },
    "smallcard_choose_one":{
        "time_stamp":1833043462.939900,
        "version":0.400000
    },
    "smallcard_inventory":{
        "time_stamp":918344972.934600,
        "version":0.400000
    },
    "smallcard_mail":{
        "time_stamp":3319589516.833900,
        "version":0.400000
    },
    "smallcard_unit_attr_panel":{
        "time_stamp":1818056849.967900,
        "version":0.500000
    }
}